"power","windSpeed","temp","pressure","bladeLength","height","bladeWidth","running","location","status","windDir","control"
12.177,9,5.9,999.5,290,367,3.6,74,"land","faulty","W","manual"
16.782,20,5.9,1011.9,230,269,2.6,13,"offshore","normal","W","AI"
9.142,5,13,988.3,155,202,3.2,93,"offshore","faulty","S","AI"
9.526,6,6,989.1,180,203,2.9,323,"land","faulty","S","manual"
10.157,7,7,996.6,200,247,3.4,211,"land","normal","W","manual"
10.567,4,17.8,988.8,145,162,2.3,64,"offshore","normal","W","AI"
11.184,7,14.3,973.4,275,300,3.2,1,"land","faulty","S","manual"
11.052,1,9.3,989.7,220,234,3,41,"offshore","normal","S","AI"
8.546,7,19.3,981.2,225,279,3,306,"offshore","faulty","W","AI"
10.906,4,9.4,996.1,220,209,3,320,"offshore","faulty","S","manual"
10.007,6,3.2,991.4,250,317,3.7,144,"land","faulty","W","manual"
9.788,3,18.6,985.7,220,209,2.4,38,"offshore","faulty","W","manual"
14.98,19,7.5,1010.7,240,258,2.5,94,"offshore","faulty","W","AI"
14.366,10,15.7,1008.7,175,210,3.5,313,"land","normal","S","AI"
11.127,13,3.3,1005.5,240,301,3.2,254,"land","faulty","S","manual"
11.362,11,20.1,989.1,265,281,3,21,"offshore","faulty","N","AI"
12.261,6,7.4,983.2,200,225,2.9,21,"offshore","normal","E","AI"
12.489,7,9.6,1006.9,235,301,3.5,60,"land","faulty","E","manual"
13.107,15,8,996.2,255,237,2.9,138,"land","normal","S","manual"
11.549,3,16.1,987.5,175,216,2.9,256,"land","normal","E","manual"
14.106,7,2.7,1006,205,242,2.7,229,"offshore","normal","S","AI"
14.379,23,3.3,1014,235,294,3.2,222,"land","normal","N","manual"
8.668,2,7.7,1000.2,130,172,3,183,"offshore","normal","W","AI"
12,13,8.2,1000.8,250,245,2.9,28,"land","faulty","N","manual"
11.879,9,17.6,1002.8,205,247,2.5,174,"offshore","normal","N","AI"
13.237,10,11.9,991.4,255,262,2.7,185,"land","normal","S","manual"
11.164,5,-0.3,1005.5,190,250,3.5,177,"land","faulty","W","AI"
11.606,11,6.7,1008,135,173,2.6,357,"land","normal","W","manual"
13.364,18,7.6,1001.2,245,325,3.4,19,"land","faulty","S","manual"
12.336,9,11.3,1023.1,160,193,3.3,205,"offshore","normal","S","AI"
15.591,19,4.3,1018,200,198,3.1,238,"land","normal","W","AI"
15.991,19,0,1016.2,285,356,2.9,106,"offshore","faulty","S","AI"
8.347,2,17.3,982.4,145,156,2.8,238,"offshore","faulty","E","AI"
12.679,16,5.3,1007.1,160,200,2.9,38,"land","normal","W","AI"
10.101,2,17.6,987,200,215,2.6,150,"offshore","faulty","E","AI"
11.318,2,20.9,994.7,195,257,3.2,95,"offshore","normal","S","AI"
10.426,18,2.7,1001.6,125,138,2.1,77,"offshore","faulty","S","manual"
12.679,5,11.2,995.6,205,210,2.8,125,"land","normal","S","manual"
14.006,30,-0.9,1028.4,285,327,3.7,21,"land","faulty","N","manual"
8.783,2,17,993.2,120,146,1.9,62,"offshore","normal","S","manual"
12.299,6,6.1,1009.3,125,141,2.1,87,"offshore","faulty","W","manual"
12.645,17,3.5,1021.8,285,361,3.7,51,"land","faulty","W","manual"
12.195,7,13.6,986.1,175,225,2.6,240,"land","normal","S","manual"
14.172,10,17.4,995.8,250,284,2.8,322,"offshore","normal","S","AI"
12.499,9,8.7,1005.9,165,218,3.6,73,"land","normal","W","AI"
12.768,14,12.7,1004.2,190,197,2.4,312,"offshore","faulty","S","manual"
15.483,22,14.5,1012.2,275,282,2.6,268,"land","normal","W","manual"
11.832,6,9.1,990,255,322,3.6,251,"offshore","faulty","E","AI"
7.933,3,9.3,995.2,205,212,3.5,53,"land","faulty","S","manual"
5.264,1,23.6,975.9,140,150,2.9,327,"offshore","faulty","S","AI"
10.788,10,3,1015.9,150,163,2.7,109,"offshore","faulty","W","AI"
14.951,16,0.5,996.1,295,327,3.6,357,"land","normal","W","manual"
8.657,10,10.1,1005.2,120,151,3.1,195,"land","faulty","S","manual"
10.81,10,4.8,1004.3,240,303,3.3,175,"offshore","faulty","W","AI"
8.325,5,14.8,969.4,130,169,1.7,49,"land","faulty","W","manual"
7.871,2,22.8,963,280,364,3.2,327,"offshore","faulty","E","manual"
11.167,6,9.6,988.4,195,231,2.2,223,"land","normal","N","manual"
11.544,4,7.4,1002.4,240,300,3.8,155,"land","normal","S","manual"
13.833,4,19.2,992.6,215,238,3.3,318,"land","normal","S","AI"
14.057,11,17.8,990,280,259,2.8,178,"land","normal","W","manual"
10.431,1,23.8,995.2,195,241,3.5,70,"land","normal","W","manual"
10.786,7,8.4,988.3,175,225,3.4,231,"land","normal","S","manual"
10.456,7,9.1,994.3,215,271,2.8,220,"land","faulty","N","manual"
13.349,18,1.5,1026.2,130,185,3.1,177,"land","normal","N","manual"
11.161,4,12.4,997.3,160,213,2.3,210,"land","normal","W","manual"
13.699,8,18.8,979.2,160,217,2,155,"offshore","normal","E","AI"
15.064,7,0.6,984.9,275,278,3.5,106,"land","normal","E","manual"
10.749,2,24,987.7,260,249,3.3,54,"offshore","faulty","W","manual"
14.712,20,7,1011.5,135,177,2.4,347,"offshore","normal","W","AI"
10.907,12,3.8,1006,140,156,3,169,"land","faulty","W","manual"
10.061,7,3.4,1000.4,145,177,2.5,81,"land","faulty","W","manual"
10.349,8,11.2,1002.7,160,209,2.5,192,"offshore","faulty","W","manual"
10.775,11,4.2,1011.8,210,217,2.8,191,"land","normal","W","manual"
8.972,10,6.9,1017.2,175,173,3.1,60,"offshore","faulty","N","AI"
11.684,3,17.4,992.7,275,319,3.7,56,"land","faulty","W","manual"
10.383,7,16.6,995.9,280,280,3.2,34,"offshore","faulty","W","manual"
13.511,13,11.8,1000.2,300,376,3.6,196,"offshore","faulty","S","manual"
12.384,5,20,990,285,327,3.5,317,"land","faulty","W","manual"
10.583,6,6.3,1006.7,225,261,3.1,83,"land","faulty","W","manual"
14.782,10,10.9,995.1,275,325,2.5,348,"land","normal","W","manual"
12.938,4,16.5,971.5,220,238,2.7,351,"land","normal","S","AI"
11.349,4,17.9,990.2,125,152,1.5,156,"offshore","normal","S","manual"
12.061,2,15.3,984.7,240,295,2.5,232,"land","normal","S","manual"
12.046,6,17.8,993.7,210,271,3.4,229,"offshore","normal","S","AI"
15.041,15,-0.2,1016,295,363,3.7,50,"land","faulty","S","manual"
6.584,6,11.2,1007.9,165,194,3.4,246,"offshore","faulty","N","manual"
11.559,4,8.3,974,165,179,2.1,339,"land","faulty","W","manual"
12.769,1,23.1,964.7,260,293,2.8,334,"offshore","normal","E","AI"
9.648,2,7.9,988.7,225,252,2.9,100,"offshore","faulty","S","manual"
13.701,16,5.1,1013.8,295,293,3.6,169,"land","faulty","N","manual"
14.221,19,9.4,999.8,300,389,3.6,69,"land","faulty","N","manual"
12.201,5,13,993.9,195,272,2.7,181,"offshore","faulty","S","manual"
9.81,3,17.2,1007.8,145,184,4,350,"offshore","faulty","S","manual"
10.485,7,10.5,987.3,130,177,2.8,142,"land","faulty","W","manual"
10.949,2,11.4,999,225,222,3.3,119,"offshore","normal","W","AI"
11.321,3,15.9,977.9,190,216,2.3,346,"offshore","normal","E","AI"
13.253,12,4.5,1020.9,280,342,4.8,289,"land","normal","S","manual"
6.908,1,14,975,125,160,2.3,262,"offshore","normal","W","manual"
9.68,4,18.3,994.7,125,132,2.2,71,"offshore","faulty","E","AI"
12.289,8,5,1002,185,203,3,44,"land","faulty","W","manual"
8.302,1,19.6,1004.5,125,158,2.2,57,"offshore","faulty","W","AI"
9.604,9,13.2,985.7,280,328,2.9,266,"land","faulty","W","manual"
11.897,7,14.7,979.5,240,274,2.3,271,"offshore","faulty","W","manual"
15.266,24,3.5,1020.4,185,236,3.3,124,"offshore","normal","W","AI"
10.226,5,6.6,994.5,170,175,2.5,285,"offshore","faulty","S","AI"
10.894,4,7.7,1009.9,130,170,3,59,"offshore","normal","S","AI"
16.296,14,9.2,1005.5,285,365,4.2,153,"land","normal","N","AI"
10.982,6,13.7,1009,195,215,3.8,50,"offshore","normal","W","AI"
11.226,5,12.8,1001.7,210,261,3,127,"offshore","normal","W","AI"
12.297,4,15.3,1012.9,240,292,3.4,351,"offshore","faulty","W","manual"
13.441,8,13.6,1006.7,255,315,3.3,348,"land","normal","S","manual"
12.435,2,18.4,994.8,190,202,3.3,332,"land","normal","E","manual"
11.615,15,3.9,1019.2,140,169,3.3,170,"land","normal","S","manual"
12.259,7,-0.2,1014.4,195,190,3.3,33,"land","normal","W","AI"
16.256,18,11.5,997.8,225,251,2.1,195,"land","normal","N","manual"
10.554,3,11.1,997.4,195,204,3.1,4,"land","normal","W","manual"
12.511,4,10.6,992.1,140,190,2.4,42,"offshore","normal","S","AI"
14.821,12,7.4,1014,175,216,3.3,304,"land","normal","S","manual"
8.255,7,16.1,997.4,245,261,3.2,29,"offshore","faulty","S","manual"
8.759,3,16.6,981,125,158,2.3,80,"offshore","normal","S","manual"
11.752,14,9.4,1006.2,125,172,2.8,351,"land","normal","S","manual"
9.831,5,13.8,973.2,240,266,2.8,238,"land","faulty","S","manual"
15.884,13,2.6,994.2,175,233,2.4,282,"land","normal","W","manual"
13.562,12,13.2,986,220,237,2.4,170,"land","faulty","S","manual"
10.569,4,22.9,991.6,180,238,2.9,22,"offshore","normal","E","manual"
12.882,14,-0.2,1034.3,185,198,3.9,270,"offshore","normal","W","AI"
11.102,11,9.5,986.6,145,143,2,70,"offshore","normal","W","AI"
11.54,11,10.1,990.5,260,303,3.3,230,"offshore","faulty","W","AI"
9.955,9,1.5,1010.9,135,170,2.4,142,"offshore","normal","W","manual"
14.942,14,11.9,1000.3,265,283,3,56,"land","normal","S","manual"
7.765,1,21.8,997.4,185,215,3.6,38,"offshore","faulty","E","AI"
8.905,5,9.9,989.2,205,225,3.4,244,"land","faulty","W","manual"
12.992,19,2.2,1012.6,240,292,3.5,340,"land","normal","W","manual"
12.956,9,4.9,1001.9,245,310,2.9,337,"land","normal","W","manual"
10.443,3,14,990.9,250,255,3.1,337,"offshore","faulty","W","AI"
13.835,17,12.8,1002.9,280,308,3.6,220,"land","faulty","W","AI"
14.614,15,9.5,1014.1,160,215,2.3,298,"offshore","normal","S","AI"
15.64,14,9.9,992.1,235,276,2.6,161,"land","faulty","S","manual"
11.835,4,18.3,999.1,265,338,3.2,5,"offshore","normal","W","AI"
9.008,1,18.3,964.5,290,335,2.5,294,"offshore","faulty","W","manual"
12.659,20,14.4,1001.6,130,158,2.1,96,"land","normal","W","manual"
15.504,12,10.5,988.1,215,260,2,235,"land","normal","W","AI"
4.483,1,9.4,981.3,265,286,4.1,2,"offshore","faulty","S","AI"
14.19,19,6.8,1012.3,235,214,2.8,302,"offshore","normal","S","AI"
20.071,27,2.5,1000.2,295,341,2.8,116,"land","normal","W","manual"
12.879,5,18.3,992.4,280,313,3.4,335,"offshore","normal","S","AI"
8.292,0,22,987.2,300,401,4.6,110,"land","faulty","N","manual"
10.179,3,14.2,995.5,190,179,3.4,4,"land","normal","S","manual"
9.787,3,20.5,977.8,210,242,2.6,159,"offshore","faulty","E","manual"
11.973,6,18.2,982.4,285,267,3.1,159,"land","faulty","W","manual"
12.066,10,6.7,1010.8,250,285,2.6,198,"offshore","faulty","W","AI"
15.27,11,15.4,996.2,300,397,3.5,69,"land","faulty","E","manual"
12.389,5,14.4,978,260,310,2.8,290,"land","normal","W","manual"
10.491,9,7.3,1010.3,175,218,3.6,72,"offshore","normal","W","AI"
13.228,17,0.8,1008.5,135,179,2.7,274,"land","normal","N","AI"
9.347,3,10.6,994.2,210,243,3.2,250,"offshore","normal","S","manual"
9.287,3,7.4,997.7,165,206,2.8,177,"offshore","normal","E","manual"
11.264,9,5.3,1002.4,145,162,3.2,44,"land","normal","S","manual"
13.336,5,16.8,1012.6,225,263,3.8,113,"offshore","normal","S","manual"
9.596,11,5.1,1004.5,120,173,2.6,280,"offshore","faulty","W","manual"
15.15,13,13.4,1008.7,180,193,2.6,241,"land","normal","N","AI"
11.848,6,9,980,140,182,2.2,290,"offshore","normal","S","AI"
16.298,14,7.9,994.4,185,219,2.5,359,"land","normal","S","AI"
13.295,12,0.3,1018.5,195,270,2.9,167,"offshore","faulty","W","AI"
16.992,10,14.5,985.5,275,329,2.5,304,"land","normal","E","manual"
11.344,12,8.1,1020.5,200,233,3.1,41,"offshore","normal","N","manual"
12.584,12,2,1006.3,270,289,2.8,298,"offshore","normal","N","AI"
17.176,32,-0.2,1011.8,290,289,3.3,194,"land","normal","N","manual"
18.228,22,7.8,1014.6,285,360,2.9,32,"land","normal","W","AI"
11.118,6,4.6,994.9,155,188,3.1,25,"land","faulty","W","manual"
8.297,4,5,987.3,145,205,3.6,223,"land","faulty","S","manual"
9.141,7,17.2,1001.1,200,244,3.1,212,"offshore","faulty","E","AI"
16.576,14,1.4,1006,155,175,2,247,"land","normal","W","manual"
10.581,6,16.6,995.6,175,192,2.9,312,"offshore","normal","W","manual"
14.95,8,4.9,994.3,290,289,3.8,96,"land","faulty","W","manual"
10.832,2,7.8,987.1,130,143,2.4,322,"offshore","normal","E","AI"
12.808,8,18.2,1002.1,130,167,1.8,127,"offshore","normal","S","AI"
17.375,20,4.9,1013.4,240,257,2.6,171,"offshore","normal","W","AI"
13.513,11,7.3,1016.6,170,233,2.7,247,"offshore","normal","W","manual"
12.156,5,21.2,982.1,155,208,1.7,83,"offshore","normal","W","AI"
14.845,26,6.3,1006,280,345,2.7,156,"offshore","faulty","N","AI"
12.967,7,10,1002,165,221,2.2,166,"offshore","normal","S","AI"
10.517,5,10.8,998.8,150,203,3.3,334,"offshore","normal","S","AI"
9.762,5,8.9,1009.1,125,167,2.6,278,"offshore","normal","W","manual"
11.203,9,7.5,989.7,165,183,2.4,60,"offshore","faulty","S","AI"
5.521,2,8.8,1000.1,220,266,3.7,121,"offshore","faulty","S","manual"
14.746,14,14.2,977.6,275,256,1.6,320,"offshore","normal","W","AI"
10.286,5,10.8,1010.5,285,341,4.3,223,"offshore","faulty","S","manual"
11.827,18,6.9,1015.2,210,266,3.1,298,"offshore","faulty","W","AI"
11.148,9,1.6,1002.6,140,192,2.8,298,"land","faulty","W","manual"
9.782,9,6.1,999.2,150,176,2.9,242,"land","faulty","S","manual"
13.294,13,8,1025.1,230,252,3.8,53,"offshore","faulty","S","AI"
13.801,6,10.7,975.7,255,294,2.2,214,"land","faulty","S","manual"
9.127,5,6.9,993.7,125,169,2.3,89,"land","faulty","N","manual"
11.78,4,12.9,978.8,295,368,3.9,2,"land","normal","S","AI"
11.496,8,2.7,998.6,135,149,1.6,6,"offshore","faulty","W","manual"
7.161,2,12.5,991.1,130,132,2.7,203,"offshore","faulty","S","manual"
14.513,18,10.8,1002,290,276,3.7,270,"offshore","normal","W","AI"
17.405,25,7.1,1011.2,195,236,2.2,268,"land","normal","W","AI"
11.613,9,6.9,1015.7,140,177,2.6,93,"offshore","faulty","E","manual"
10.473,4,7.1,1004.6,195,228,3.7,336,"land","normal","W","AI"
10.129,11,16.6,995.8,175,168,2.1,50,"offshore","faulty","S","AI"
12.004,6,14,989.9,225,274,3.1,127,"land","faulty","W","AI"
11.461,7,9.4,994.3,130,143,2,57,"offshore","normal","S","AI"
14.48,10,11.7,990.7,235,279,3.1,256,"land","normal","S","manual"
8.923,7,22.2,988,140,158,2.4,56,"offshore","faulty","W","manual"
14.159,18,9.6,1014,180,233,2.6,26,"land","normal","W","manual"
8.417,7,14,1012.4,140,142,3.1,68,"offshore","normal","W","AI"
10.326,6,4.6,1001.3,125,155,2.7,197,"land","normal","S","manual"
14.652,18,-1.2,1027,245,251,3.2,91,"land","normal","N","manual"
10.485,14,8.6,1014.9,145,171,3,136,"land","faulty","S","manual"
12.466,3,5.5,1004.4,200,225,3,61,"offshore","faulty","S","AI"
9.67,9,12.5,995.1,120,158,2.4,60,"land","normal","W","manual"
11.698,4,11.8,1007.6,265,334,3.5,200,"offshore","faulty","E","manual"
12.224,5,9,1008.7,205,260,3.4,289,"land","normal","S","manual"
11.343,7,7.3,1000.7,135,180,2.5,323,"offshore","normal","W","AI"
8.948,6,11.8,1003.1,125,174,3.1,123,"land","faulty","W","manual"
11.414,20,1.6,1033,200,245,3.1,90,"offshore","faulty","N","manual"
17.067,19,9.7,1010.5,235,274,2.9,163,"land","normal","W","AI"
13.305,13,9.9,1008.2,170,217,2.9,75,"land","normal","W","manual"
10.283,9,5.8,1004.3,160,197,2.9,231,"land","normal","W","manual"
14.68,12,13.6,1006.6,175,212,2.8,23,"offshore","normal","W","AI"
11.073,4,12.8,980.1,235,288,3.2,60,"land","faulty","W","manual"
11.683,10,6.6,1003.8,205,221,3.5,318,"land","normal","E","manual"
9.432,1,9.2,982.5,280,363,3.6,344,"offshore","faulty","S","AI"
13.023,10,5.3,993.8,190,203,2.8,304,"land","normal","S","AI"
10.464,3,14.8,1009.6,120,158,2.3,294,"offshore","normal","S","AI"
9.931,2,21.2,979.9,160,198,2.3,218,"offshore","normal","S","manual"
8.276,6,21,990.6,150,159,2.9,134,"offshore","normal","S","manual"
11.573,11,7.9,989.3,235,308,2.5,219,"offshore","faulty","N","AI"
14.261,18,10.4,991.7,225,226,3.2,219,"land","normal","N","AI"
14.207,17,11,1001.3,290,296,3.6,235,"land","normal","W","manual"
12.618,7,20.7,1011.2,120,145,2.2,67,"offshore","normal","S","AI"
9.029,10,4.4,1011.7,125,157,3.1,115,"land","normal","N","manual"
14.399,10,14.3,995,155,216,2.4,202,"land","normal","S","AI"
13.231,14,2.9,1013.5,195,189,2.8,76,"offshore","faulty","S","AI"
11.651,11,5.2,1002.8,280,341,3.2,108,"offshore","faulty","S","AI"
9.073,13,11.2,999.1,165,188,3.4,65,"land","faulty","N","manual"
16.446,11,16.4,986.9,265,336,2.6,351,"land","normal","W","AI"
13.965,11,11.8,1001.8,280,344,3.3,79,"land","normal","W","AI"
11.291,7,14.9,1009.8,150,164,3.3,343,"offshore","normal","N","AI"
9.802,7,7.3,1011.2,225,303,3.4,301,"offshore","faulty","W","manual"
16.096,8,9.3,991,275,280,2.7,210,"offshore","normal","S","AI"
9.592,8,7.4,1003.9,155,183,3.8,73,"land","normal","S","manual"
9.752,7,1.2,1023.5,140,177,3.1,292,"offshore","normal","W","manual"
12.457,7,14.6,1005.1,170,188,2.7,324,"land","normal","N","manual"
11.612,10,4.1,999.5,230,263,3,38,"land","faulty","W","manual"
13.425,11,11.3,991.2,225,277,3.5,114,"land","normal","S","manual"
10.649,4,10.4,990.7,130,146,2.5,122,"land","normal","N","manual"
14.792,21,4.2,1017.8,165,172,3.2,171,"land","normal","S","manual"
9.658,4,17.6,996.4,230,266,3.4,111,"offshore","normal","S","AI"
9.624,1,16.1,985.2,200,236,3.1,164,"offshore","faulty","E","AI"
15.051,7,0.7,1005.1,200,238,2.3,60,"offshore","normal","E","AI"
11.267,3,10.7,1007.7,210,209,3.2,171,"offshore","normal","S","manual"
10.273,9,12.8,984.5,245,248,3.2,329,"land","faulty","W","manual"
15.929,23,1.9,1025.7,165,215,3.5,188,"offshore","normal","E","AI"
11.574,5,10.1,974.2,205,204,2.5,62,"land","normal","E","manual"
14.049,17,4.9,1004.3,285,325,3.6,50,"land","normal","W","manual"
12.465,6,3.9,999.2,165,212,3.4,199,"land","normal","S","AI"
14.906,20,2.3,1006.5,265,312,3.2,339,"land","normal","S","manual"
11.527,15,6.3,994.7,180,200,2.6,80,"land","faulty","N","manual"
15.186,14,4.8,998.9,255,338,2.6,269,"land","normal","W","AI"
13.294,15,1.9,1000.2,240,246,2.9,65,"land","normal","W","manual"
11.148,9,9.2,1004.7,270,305,4.4,243,"land","faulty","S","manual"
12.37,13,9.9,992.1,250,306,3.5,77,"land","faulty","S","manual"
11.653,6,4.1,1018.9,245,321,3.7,64,"land","faulty","N","manual"
17.9,15,17.8,1010.5,270,296,3.2,278,"land","normal","S","AI"
10.02,2,15.1,997.7,150,154,2.7,329,"offshore","normal","S","AI"
6.025,2,15.3,986.1,140,165,2.5,199,"offshore","faulty","W","manual"
13.316,10,10,1017.7,185,207,3.2,308,"offshore","normal","W","AI"
10.48,12,12.1,1006.4,205,223,3.6,66,"offshore","normal","S","manual"
15.232,15,9.2,998.3,210,230,2.3,47,"land","normal","S","manual"
14.296,19,2.6,1011,190,243,3.1,194,"land","normal","W","AI"
10.892,3,11.7,990.1,220,282,3.5,357,"offshore","faulty","E","AI"
13.831,11,5.7,1000.2,165,230,2.3,3,"land","normal","W","manual"
7.033,5,19.6,996.2,145,184,3,355,"offshore","faulty","W","manual"
11.728,8,17.3,1001,240,238,3,193,"land","faulty","S","manual"
12.827,6,13.6,1001.4,235,246,3.4,26,"land","normal","E","manual"
10.249,3,22.5,979.8,260,242,2.8,160,"offshore","faulty","S","manual"
9.841,2,20.1,993.6,130,151,2.6,188,"offshore","normal","W","manual"
12.083,3,10.1,991.3,195,240,2.7,166,"offshore","normal","S","AI"
13.291,9,1.5,1002.2,255,331,3.3,202,"land","normal","W","AI"
13.487,16,3.1,1010.3,205,266,3.3,150,"land","normal","W","AI"
10.23,13,6.8,1005.5,295,292,3.8,103,"offshore","faulty","W","manual"
7.988,0,23.9,982.4,175,200,3.5,105,"offshore","normal","E","AI"
14.781,16,4.2,1010.8,230,229,3.4,81,"offshore","normal","E","AI"
13.547,14,11.2,1008,290,343,3.4,200,"land","faulty","W","manual"
11.884,3,17.2,998.6,245,279,3.5,47,"offshore","faulty","E","AI"
16.215,20,1.6,1014.5,195,194,3.3,120,"land","normal","S","AI"
14.915,14,9.2,1005.7,295,348,3.6,175,"land","normal","N","AI"
11.783,5,9.7,990.1,175,183,2.6,1,"land","normal","W","manual"
12.568,16,5.4,1007,200,252,2.9,142,"land","normal","W","manual"
14.709,6,15.5,1001.8,185,187,3.3,259,"offshore","normal","N","AI"
10.831,4,16.4,988.4,125,166,2.8,172,"offshore","normal","S","AI"
16.469,20,10.6,995.4,225,281,2.7,240,"land","normal","S","manual"
12.139,11,10.3,1003.6,170,235,2.6,242,"offshore","faulty","S","AI"
12.011,8,16.9,988.5,235,229,2.3,266,"offshore","normal","W","manual"
7.466,2,16.3,971.4,255,249,2.3,24,"offshore","faulty","S","manual"
15.843,13,15.7,992.4,270,269,2.7,265,"land","normal","S","manual"
14.407,9,2.9,1013.8,235,244,3.7,109,"offshore","normal","S","AI"
9.959,13,7,979.6,225,214,2.4,239,"land","faulty","S","manual"
11.544,5,5.9,985.9,140,203,2.2,157,"land","faulty","S","manual"
14.95,12,3.9,1005.6,245,250,3.2,271,"offshore","normal","S","AI"
12.705,13,6,1006.9,240,328,3.4,262,"offshore","faulty","S","AI"
8.165,5,16.4,986.2,130,177,2.2,210,"offshore","faulty","N","AI"
11.011,6,9.6,1007.7,200,266,3.7,34,"offshore","faulty","S","manual"
12.621,4,14.9,998.2,220,258,3.2,263,"offshore","faulty","S","manual"
11.134,12,7.2,1017.7,150,169,3,11,"offshore","normal","S","AI"
12.709,4,24.8,979.9,215,221,2.6,285,"offshore","normal","W","AI"
8.851,10,5.1,1002.1,135,144,2.5,31,"land","faulty","N","manual"
11.458,5,7.6,1011.7,210,263,3.8,240,"land","normal","W","manual"
14.744,18,2.6,1014.2,270,269,3.2,88,"land","faulty","W","manual"
6.077,3,13.3,992.1,150,171,2.8,226,"offshore","faulty","S","manual"
14.894,7,16.4,993,245,311,2.8,242,"offshore","normal","E","AI"
8.943,9,12.5,999.6,150,156,3.1,91,"offshore","normal","W","manual"
12.844,3,5.4,1005.6,245,239,3.6,34,"offshore","normal","S","AI"
8.949,12,3.5,1010.3,140,152,3.3,104,"offshore","faulty","N","manual"
10.668,6,-0.6,1007,125,149,2.6,113,"offshore","normal","W","AI"
9.223,6,8.1,1003.6,135,187,2.6,218,"offshore","faulty","W","manual"
11.208,13,4.1,1016.6,225,243,3.7,213,"offshore","faulty","N","AI"
8.699,6,6.2,996.5,155,154,3.1,130,"land","normal","S","manual"
14.253,10,13.9,996.9,230,294,3,106,"offshore","normal","S","AI"
6.294,1,22.8,988.2,130,173,3.2,79,"offshore","faulty","E","manual"
13.023,12,10.7,1005.2,185,200,2.4,336,"offshore","faulty","W","AI"
9.108,3,12.7,1013,225,232,3.8,305,"offshore","faulty","S","AI"
12.249,6,12,997.4,220,228,3.1,22,"land","normal","S","manual"
11.911,3,21.5,1008.3,200,206,3.9,193,"offshore","normal","S","manual"
14.226,24,6.1,1023,135,151,2.7,69,"land","normal","W","manual"
11.105,9,6.8,1012.6,125,142,2.6,53,"offshore","normal","W","AI"
9.571,5,11.9,993.4,210,239,3.9,205,"offshore","faulty","E","AI"
9.011,4,4.9,1000.8,150,168,3.1,99,"offshore","faulty","W","AI"
11.164,11,20.3,1010.5,145,144,3,320,"offshore","normal","W","AI"
10.756,3,8.8,990.8,150,183,2.5,220,"offshore","normal","S","manual"
12.54,4,18.8,979,285,332,3.6,272,"offshore","normal","E","AI"
10.546,9,12.3,1001.2,170,218,3.4,84,"offshore","faulty","N","AI"
11.286,3,17.5,984.2,225,284,2.2,110,"offshore","faulty","S","manual"
14.02,17,-1,1004.8,290,314,3.1,359,"land","normal","W","AI"
12.329,13,5.6,993.4,260,273,2.7,24,"land","faulty","W","manual"
9.694,1,23.3,987.1,135,151,2.5,141,"offshore","normal","S","AI"
10.349,6,16.9,997,130,143,2,313,"offshore","faulty","W","manual"
15.121,11,6.3,1016.2,290,379,3.4,133,"offshore","normal","S","AI"
14.377,17,12.4,991.7,295,347,3.1,233,"land","faulty","S","manual"
9.28,5,13.8,991.7,150,202,2.6,121,"offshore","faulty","S","manual"
14.805,19,7.7,1003.6,275,264,3.4,21,"land","normal","W","AI"
11.644,6,15.3,995,285,342,3.1,246,"offshore","faulty","S","AI"
8.252,4,0.9,1008.7,160,194,3.5,258,"offshore","faulty","S","manual"
10.29,10,5.2,1011.9,180,244,3.9,303,"land","normal","S","manual"
9.374,12,3.9,1009.4,130,170,3.4,69,"land","normal","S","manual"
10.209,11,6.4,1001.8,190,191,3,343,"offshore","faulty","W","manual"
7.42,1,11.1,991.4,135,174,2.8,323,"offshore","normal","W","manual"
11.806,2,20.6,981.1,255,296,2.9,232,"offshore","normal","S","AI"
12.657,8,13.2,995.8,250,290,3,296,"land","normal","S","manual"
12.641,10,7.1,1033.8,200,251,3.7,147,"offshore","normal","W","manual"
9.772,4,20,991.9,150,156,2.8,247,"offshore","normal","S","manual"
12.936,6,4.5,1002.8,220,270,2.3,282,"offshore","normal","W","manual"
8.703,7,14.8,1006.6,125,160,2.2,186,"offshore","faulty","W","manual"
13.867,12,10,1000.6,280,321,3.7,224,"land","normal","W","AI"
13.849,11,17.2,989.5,265,341,2.6,18,"offshore","normal","S","AI"
15.217,19,4.8,1020.3,245,253,3.1,332,"land","faulty","S","manual"
12.874,9,15.2,989.6,220,264,2.1,306,"offshore","normal","W","AI"
15.521,9,12.3,1004.1,295,334,3.4,329,"offshore","normal","E","AI"
13.907,3,10.5,1005.7,270,249,3.2,158,"offshore","normal","S","AI"
17.241,17,16.1,1005.8,280,331,2.8,318,"land","normal","S","manual"
14.834,12,1.5,1021.1,290,347,4.2,115,"land","faulty","S","manual"
11.052,2,14.2,985.3,250,289,3.5,90,"land","faulty","S","manual"
8.397,3,4.6,1005.2,155,172,3.3,95,"offshore","normal","W","AI"
11.818,3,9.3,988.5,195,193,2.3,122,"land","normal","S","manual"
11.23,12,2.6,1014.8,145,205,3.2,37,"offshore","faulty","W","AI"
8.731,4,15.1,991.2,175,172,3.2,146,"offshore","faulty","W","AI"
15.433,22,5.1,1022.1,215,219,3,5,"land","normal","N","manual"
13.932,14,14.5,994.8,255,269,2.9,225,"offshore","faulty","W","AI"
10.31,9,10,1023.5,180,220,3.9,240,"offshore","normal","W","AI"
11.389,10,-1,1029.2,150,196,3.3,60,"offshore","faulty","E","manual"
13.736,7,6,1006.2,270,347,3.2,285,"offshore","faulty","S","AI"
7.85,3,10.5,978.8,145,171,2.5,359,"offshore","normal","E","manual"
14.421,22,0.5,1018.3,250,323,3.5,223,"land","faulty","N","manual"
14.29,13,17.7,992.6,195,238,2.4,199,"land","normal","N","manual"
13.146,6,13.8,988.2,170,236,2.4,126,"offshore","normal","E","AI"
13.771,17,9.7,1010.2,175,170,2.6,250,"land","normal","N","AI"
12.384,10,0.6,1006.9,185,191,2.8,11,"land","normal","S","manual"
11.947,13,5.2,1002.7,270,325,3.2,241,"land","faulty","S","manual"
9.378,8,9.1,1003.9,190,197,2.8,137,"offshore","faulty","W","AI"
10.173,1,16.1,999.3,140,177,3,84,"offshore","normal","S","manual"
9.469,8,8.8,989.8,205,195,3.2,207,"land","faulty","W","manual"
13.374,9,3.2,1026.4,240,266,4,95,"offshore","normal","S","manual"
15.526,13,-0.2,1009.2,170,244,2.3,282,"offshore","normal","E","AI"
13.025,13,8,1005.6,260,295,2.8,151,"land","faulty","N","manual"
10.97,8,16.8,992.7,175,215,2.9,169,"land","faulty","N","manual"
9.682,3,13.5,983.4,295,312,3.9,323,"land","faulty","E","manual"
12.074,7,14.9,996.2,235,281,3.2,136,"offshore","faulty","S","AI"
11.998,5,9.7,982.9,240,311,3,141,"land","normal","N","manual"
12.986,12,8.4,999.3,270,292,3.7,160,"land","faulty","S","manual"
14.266,15,7.4,1006.7,265,301,3.3,172,"land","normal","N","manual"
11.226,6,20.1,994.3,290,346,3.7,8,"land","faulty","W","manual"
14.54,13,5.6,974.6,295,336,2.1,346,"land","faulty","S","manual"
13.617,10,12.2,999.5,195,236,2.3,293,"offshore","normal","W","AI"
13.194,6,13.2,1004.8,155,166,3,310,"offshore","normal","W","AI"
10.708,5,18.5,975.7,125,158,2,82,"land","normal","W","manual"
12.238,10,8.2,1008.6,190,257,3,332,"land","normal","W","manual"
6.849,4,4.9,989.2,145,164,3.6,105,"land","faulty","S","manual"
13.527,8,12.3,989.7,275,329,2.8,148,"offshore","normal","W","AI"
11.557,7,2.4,1003.2,170,231,2.6,316,"offshore","faulty","S","AI"
12.45,9,1.2,1002.8,200,264,3,300,"land","faulty","W","manual"
11.644,16,2.1,1023.9,125,160,3.1,304,"land","normal","S","manual"
10.144,6,22.4,983.7,245,317,2.9,101,"land","faulty","W","manual"
12.606,16,9.9,1012.9,210,250,2.8,69,"offshore","faulty","N","AI"
10.736,2,15,996.5,270,303,3.4,52,"offshore","normal","W","AI"
9.559,3,13.8,999.8,140,193,3.3,328,"offshore","faulty","W","AI"
14.281,12,24.4,992,170,177,2.1,359,"offshore","normal","W","AI"
10.54,3,12.4,989.6,295,281,3.6,79,"offshore","faulty","W","AI"
14.339,3,6.7,1000.8,295,290,3.7,196,"land","faulty","E","manual"
12.792,1,21.6,998,170,184,3.5,195,"offshore","normal","W","AI"
8.319,6,4.8,1002.1,190,235,3.1,169,"land","faulty","N","manual"
14.218,14,7.7,1003,220,248,2.6,90,"land","faulty","S","manual"
10.002,7,10.1,1008.3,225,284,4,284,"offshore","faulty","N","AI"
11.656,7,11.9,991.2,205,276,3.6,254,"land","normal","W","AI"
13.039,12,8.2,1009.5,275,302,3.4,314,"land","faulty","W","manual"
11.196,9,11.4,1010.4,190,213,3,303,"offshore","faulty","N","AI"
11.767,10,11,999,125,172,1.6,82,"offshore","normal","W","AI"
12.658,7,14.8,1000.9,200,231,2.9,215,"land","faulty","S","manual"
10.964,3,22.5,977.3,245,233,3,39,"offshore","normal","E","manual"
11.778,15,5.8,1022.8,175,228,3,331,"offshore","normal","W","manual"
14.124,7,15.3,981.8,275,339,2.7,162,"land","normal","W","AI"
12.088,15,15.4,995.3,160,197,2.7,122,"offshore","normal","S","AI"
11.789,8,10.2,996.8,140,190,2.3,266,"offshore","normal","W","AI"
8.823,9,15,991.5,130,154,2.1,352,"offshore","normal","W","manual"
11.267,16,12.7,1009.8,205,203,3.5,218,"land","normal","N","manual"
11.24,6,19.2,988.6,145,158,2.4,223,"offshore","faulty","S","manual"
11.411,6,11.9,995.2,185,203,3.2,162,"land","normal","S","manual"
10.764,5,1.8,996.9,140,167,1.9,144,"offshore","normal","E","manual"
11.187,5,19,988.7,225,271,3,306,"offshore","faulty","S","manual"
9.612,6,9,1008.8,155,168,2.7,337,"offshore","normal","S","AI"
11.578,10,8.7,1010.6,245,271,3.9,27,"offshore","faulty","W","AI"
13.036,9,6.2,991.2,165,172,2.9,266,"land","normal","W","AI"
10.228,4,11.7,994.9,230,227,2.8,205,"offshore","faulty","W","manual"
14.858,24,0.7,1003.7,160,162,1.9,346,"land","normal","W","AI"
8.054,4,8.8,997.8,200,252,3.4,266,"offshore","normal","W","AI"
12.591,4,19.8,990.7,190,235,3.1,281,"offshore","normal","N","AI"
12.639,4,14.6,1016.5,195,197,3.2,81,"offshore","faulty","W","AI"
10.838,1,12.4,990.9,165,195,2.8,314,"land","normal","E","manual"
8.883,8,6.8,1018.2,125,138,2.3,40,"offshore","faulty","W","AI"
8.324,1,14.2,983.7,160,165,2.7,36,"offshore","faulty","W","manual"
8.589,3,12.7,980.6,140,184,2.3,238,"offshore","faulty","E","AI"
13.489,16,10.1,1001.8,155,170,2.9,92,"land","normal","S","manual"
11.59,4,8.7,994.8,285,369,4,125,"land","normal","S","manual"
10.786,7,10.4,1015.4,195,247,3.5,68,"offshore","faulty","W","manual"
12.569,22,0.1,1011,285,329,3.6,283,"land","faulty","W","manual"
16.884,23,1.6,1011.9,255,320,3.3,250,"land","normal","N","AI"
15.437,8,7.7,999.4,270,306,3.5,359,"land","normal","W","manual"
11.963,14,3.4,1004.2,225,296,2.8,335,"land","faulty","S","manual"
9.166,7,7.4,1000.9,265,285,3.5,269,"offshore","faulty","W","manual"
10.066,7,12.8,1004.1,260,298,4,132,"offshore","faulty","S","AI"
8.779,2,14.7,991.6,155,197,2.2,43,"offshore","faulty","W","AI"
11.254,6,17.9,988.5,275,268,3,167,"offshore","faulty","S","AI"
10.654,0,17.4,991.3,165,165,3,296,"offshore","normal","E","manual"
12.778,9,5.5,1008.9,125,132,2,268,"offshore","normal","W","AI"
15.398,16,18.3,994.5,180,206,2,189,"offshore","normal","W","AI"
11.602,16,6.9,1011.8,145,191,3.1,8,"land","normal","W","manual"
10.823,3,14,994.2,165,164,2.4,110,"offshore","normal","S","manual"
11.487,6,14.5,993.6,220,237,3.2,211,"offshore","normal","S","AI"
13.139,18,11.6,1011.4,235,251,3,73,"offshore","normal","W","AI"
9.389,0,16.5,985.8,185,197,2.8,55,"offshore","faulty","S","manual"
15.522,14,10.5,998.7,295,369,3.3,9,"land","normal","S","manual"
10.395,2,14.6,991.3,250,262,3.3,16,"offshore","normal","S","AI"
10.755,13,7.1,997.3,220,267,3.5,254,"land","faulty","W","AI"
10.897,8,10.1,992,275,270,3.7,63,"land","faulty","S","manual"
11.997,2,24.6,969,275,332,3.6,92,"land","normal","S","manual"
11.079,14,6.1,1002.7,235,221,2.9,141,"land","faulty","N","manual"
8.364,3,14.3,999.9,130,173,3,290,"offshore","faulty","S","manual"
12.977,13,8,996,260,279,3,289,"land","faulty","S","manual"
7.71,1,11.5,983.7,170,226,2.8,116,"offshore","faulty","W","manual"
10.419,9,13.6,999.3,175,180,2.7,240,"offshore","faulty","W","manual"
14.455,7,16.8,1017.6,195,223,3.3,3,"offshore","normal","S","manual"
11.352,9,7,1010.6,225,247,2.9,266,"offshore","faulty","N","manual"
13.957,8,8.5,984.5,165,167,1.8,202,"land","normal","W","AI"
11.697,8,6.4,999.2,200,245,2.9,211,"land","faulty","S","manual"
12.462,12,17.4,993.8,230,248,2.6,82,"offshore","normal","S","AI"
15.597,9,7.6,1006.5,235,253,3.4,113,"offshore","normal","S","AI"
15.618,20,-0.4,996.7,215,234,2.2,213,"land","normal","E","manual"
15.567,26,2.2,1009.2,270,271,2.8,114,"offshore","faulty","S","AI"
9.946,7,9,1009.9,190,210,3.8,35,"land","faulty","N","manual"
9.004,9,4.7,990.1,175,217,2.6,195,"offshore","faulty","N","AI"
15.684,21,3.8,1018.3,180,257,3.1,316,"land","normal","W","AI"
14.369,14,2.1,995.6,255,318,2.2,122,"land","normal","W","AI"
10.299,4,6,993.4,285,353,2.7,294,"offshore","faulty","S","AI"
13.269,16,4.6,1018.1,155,166,2.9,102,"land","normal","W","manual"
12.804,9,8.4,988.6,245,280,2.5,293,"offshore","faulty","N","AI"
14.256,16,6.7,1003.3,260,313,3.2,266,"land","normal","S","manual"
8.568,9,7.6,1009,175,196,3.3,26,"offshore","faulty","S","AI"
14.243,9,4,998.6,270,284,3,176,"land","normal","W","AI"
15.762,13,3.2,1012.2,190,200,3.2,130,"land","normal","W","manual"
9.777,7,16.2,984.5,165,155,2,11,"land","normal","S","manual"
11.846,11,4.8,1003.9,210,266,2.8,185,"offshore","faulty","N","AI"
15.161,16,13.9,988.8,300,319,3.2,236,"land","faulty","S","manual"
15.604,11,7.6,991.1,285,336,2.6,351,"land","normal","E","manual"
12.467,5,14.5,1002.9,140,149,2.5,47,"offshore","normal","W","manual"
14.924,11,10.9,991.4,250,310,2.7,141,"land","normal","S","AI"
7.21,2,16.3,974.3,205,221,3.2,306,"offshore","faulty","E","manual"
13.414,10,14.9,994.6,290,308,3.6,311,"land","normal","N","AI"
9.557,4,4.6,1026.1,125,142,3,351,"offshore","faulty","W","manual"
15.936,14,12.9,1022.5,210,267,3.2,43,"offshore","normal","S","AI"
9.195,11,15.1,999.2,230,236,3.2,278,"land","faulty","W","manual"
13.957,14,8,1009.1,280,279,3.6,214,"land","faulty","S","manual"
14.373,18,1.4,997.2,195,194,2.9,222,"land","normal","W","manual"
12.979,14,-0.9,1012.7,175,220,3.3,91,"land","faulty","N","AI"
8.318,1,11.7,981.4,165,178,2.9,31,"offshore","faulty","E","AI"
10.395,13,10,1011.6,280,344,3.5,302,"land","faulty","N","manual"
13.39,9,3.2,997.1,260,295,2.8,172,"land","faulty","S","manual"
14.715,19,1.4,994.8,290,299,2.9,34,"land","normal","W","AI"
8.54,4,20.8,987.5,130,136,2.5,178,"offshore","normal","S","manual"
11.384,6,13.8,999.7,280,266,3.6,52,"offshore","normal","E","AI"
11.461,9,4.6,1008.4,145,147,2.2,193,"offshore","normal","S","AI"
10.606,7,10.9,999.1,140,171,2.6,60,"offshore","faulty","N","AI"
17.077,16,9.3,1006.2,215,302,2.6,297,"land","normal","W","manual"
16.515,16,3.2,1003.9,300,339,3.5,142,"land","normal","W","manual"
11.96,9,11.6,987.1,240,276,2.7,80,"land","normal","E","manual"
13.984,7,6.6,984.8,255,286,3,314,"land","normal","S","AI"
13.026,5,15.3,1014.2,280,284,3.7,348,"offshore","faulty","W","manual"
7.864,6,7.6,999,120,130,2.4,44,"offshore","normal","E","manual"
17.338,21,2.3,1003.6,290,320,3.5,95,"land","normal","S","manual"
11.748,11,11.9,1001.6,295,356,3.7,276,"offshore","faulty","W","AI"
10.651,5,17.3,981.9,130,166,1.9,319,"offshore","faulty","S","manual"
13.258,12,10.4,1015.2,230,263,3.8,101,"land","faulty","S","manual"
7.65,5,17.2,1003.4,120,127,2.9,145,"offshore","normal","S","manual"
12.706,4,3.8,983.8,200,285,2.5,286,"land","faulty","S","manual"
10.031,3,18.3,985.9,270,255,3.9,247,"land","faulty","S","manual"
7.133,2,13.3,990.8,120,136,2.5,253,"offshore","faulty","S","AI"
14.636,20,3.5,1013.5,160,203,2.4,10,"offshore","faulty","N","AI"
16.956,14,4.9,988.2,270,360,3,2,"land","normal","E","manual"
10.488,5,17.8,1000.1,155,189,3,215,"offshore","normal","W","manual"
13.313,15,1.2,1010.9,200,218,3.1,303,"land","normal","W","manual"
9.768,7,13.5,995.6,250,255,3.1,315,"offshore","faulty","W","manual"
14.895,11,5.3,999.2,255,336,3.1,231,"land","normal","S","manual"
14.012,4,7.6,1000.6,165,203,2.9,302,"land","normal","S","manual"
11.715,4,10.3,1010.8,125,158,2.7,161,"offshore","normal","S","manual"
12.615,11,6.1,1006.8,160,200,2.7,48,"land","faulty","E","manual"
10.86,9,13.3,989.8,230,273,3,10,"land","faulty","E","manual"
15.543,6,16.4,989.7,290,303,3.2,4,"land","normal","W","AI"
12.219,16,10.6,985.1,270,346,3.2,305,"land","faulty","W","manual"
8.036,4,6.7,989.8,135,179,2.7,269,"offshore","normal","S","manual"
10.782,11,14.8,1000.8,245,241,3,211,"land","faulty","W","manual"
11.037,6,11,1003.7,175,206,3.2,120,"offshore","normal","E","AI"
13.749,16,3.3,1017.8,135,158,2.6,286,"land","normal","S","manual"
15.375,9,4.6,993.8,295,333,3,144,"land","normal","W","AI"
9.722,5,17.5,980.4,215,222,3,162,"offshore","normal","S","AI"
11.354,6,16,983,205,199,2.5,129,"offshore","faulty","S","AI"
15.224,13,8.1,1021.1,295,287,4.2,228,"land","normal","W","AI"
9.329,6,14.9,989.5,280,276,3.5,106,"offshore","faulty","W","AI"
9.349,8,7.4,1013.2,140,154,3.3,186,"offshore","faulty","N","manual"
16.244,9,15.3,988.5,300,332,3.5,260,"land","normal","E","manual"
11.453,3,11.2,1004.8,195,235,3.3,319,"land","normal","S","manual"
13.489,12,3.3,1006.4,195,216,2.9,109,"land","normal","S","AI"
9.381,6,10,1000,205,235,3.5,279,"offshore","normal","S","manual"
9.939,7,18.5,986.3,125,161,1.7,202,"offshore","faulty","S","manual"
10.151,10,18.3,1017.5,200,257,3.5,8,"offshore","faulty","W","manual"
14.209,8,14.9,981.1,245,252,3,227,"land","normal","W","AI"
13.167,8,9.1,978.7,275,257,3,94,"land","normal","W","AI"
12.772,9,8.9,1000.4,220,270,3,98,"land","faulty","W","manual"
13.112,16,8.2,1003.2,180,182,2.8,329,"land","normal","S","manual"
11.722,10,9.6,980.5,265,332,2.5,335,"land","faulty","N","manual"
12.485,14,4,1009.6,195,194,3.1,213,"land","normal","N","manual"
12.579,19,14.3,1008.7,230,307,3.5,0,"land","faulty","S","manual"
14.867,19,9.4,1015.4,265,279,3.5,349,"offshore","normal","S","AI"
7.512,1,18.6,991.2,140,168,2.8,353,"offshore","faulty","W","manual"
15.283,9,10.7,997,245,313,2.3,203,"offshore","normal","E","AI"
13.869,9,14.8,1004.5,175,236,2.5,311,"offshore","normal","N","AI"
9.553,6,21.8,1000.2,160,176,2.7,155,"offshore","faulty","W","manual"
14.378,18,13.7,986.9,260,299,2.4,156,"offshore","normal","W","AI"
13.816,13,6.7,1027,240,314,3.4,322,"offshore","normal","W","AI"
12.201,14,11.3,996.4,260,331,2.8,218,"offshore","faulty","W","manual"
11.397,11,5.3,994.6,260,259,2.9,332,"land","faulty","W","manual"
11.214,9,8.7,996.4,285,300,3.5,343,"offshore","faulty","E","manual"
14.21,12,2.7,1000.7,290,362,3.3,82,"land","normal","W","manual"
8.915,2,15.3,990.8,160,213,3.2,59,"offshore","faulty","S","manual"
14.707,7,11.9,991.6,290,280,4.1,172,"land","normal","W","manual"
12.027,6,13.9,999.1,230,259,2.8,2,"offshore","faulty","S","manual"
11.7,13,2.9,1004.8,130,142,2.5,126,"offshore","normal","S","AI"
11.443,12,12.3,993.9,240,283,2.8,151,"offshore","normal","S","AI"
10.819,1,12.2,976.7,215,263,3.1,118,"land","normal","E","manual"
11.154,15,2.2,1019.9,175,191,3.2,296,"land","faulty","W","manual"
10.207,6,12.4,986.6,165,196,3,257,"offshore","faulty","W","AI"
13.383,13,9.2,1010.5,275,310,3.5,270,"offshore","faulty","W","AI"
8.008,1,25.1,982.7,125,147,2.5,306,"offshore","faulty","E","manual"
12.664,14,12.4,1019.4,155,196,3,155,"land","normal","W","manual"
16.381,33,3.8,1033.8,235,246,3.5,264,"land","normal","N","manual"
13.707,13,15.9,1003.9,250,309,3.5,253,"land","faulty","S","manual"
9.374,3,15.5,990.9,235,234,3.4,126,"offshore","faulty","E","AI"
12.653,7,10.7,996.9,240,289,3.2,49,"land","normal","S","manual"
10.383,10,8.1,994.6,275,329,3.5,352,"land","faulty","S","manual"
11.428,13,12.7,997,260,308,3.4,110,"land","faulty","W","manual"
12.028,6,9.8,984.3,270,327,2.9,173,"offshore","faulty","S","AI"
13.079,11,10.6,993.9,295,309,2.7,193,"offshore","faulty","N","AI"
11.369,6,7.2,1014.3,130,145,2.7,333,"offshore","normal","S","AI"
10.937,2,14.1,980.5,130,148,2.2,285,"land","normal","W","AI"
14.087,17,5.8,1020.2,125,176,2.4,342,"land","normal","N","manual"
12.192,2,16.8,987.1,190,240,1.8,125,"offshore","normal","S","AI"
10.767,8,13.9,993.2,155,171,2.9,296,"land","normal","W","manual"
10.722,8,4.6,1005.7,190,246,3,149,"offshore","normal","S","AI"
12.874,8,2.9,1000.5,135,171,1.8,286,"offshore","normal","S","AI"
9.883,3,3.9,999.3,200,204,3.3,171,"offshore","faulty","E","manual"
13.795,5,19.5,982.8,300,353,3.7,267,"land","normal","W","manual"
12.347,12,9.3,994.3,155,170,2.8,83,"land","faulty","W","manual"
11.328,10,6.6,988.3,125,170,1.5,227,"offshore","faulty","S","manual"
13.058,9,14.2,992.7,135,164,1.5,323,"offshore","normal","S","AI"
12.17,9,5.8,992.8,270,316,3.3,40,"offshore","faulty","S","AI"
13.416,4,11.2,994,285,359,3.5,63,"land","normal","S","manual"
11.419,9,5.6,1020.6,120,137,2.7,203,"offshore","normal","W","manual"
10.719,9,13,1010.3,210,250,3.2,279,"offshore","faulty","S","manual"
11.462,9,9.3,1007.3,200,259,3.1,24,"offshore","faulty","S","manual"
16.329,24,0.7,1002.3,225,244,2,67,"land","faulty","W","AI"
14.485,13,18.8,976.5,245,261,1.9,208,"land","faulty","S","manual"
9.318,11,5.3,979.3,230,215,2.5,193,"land","faulty","W","manual"
14.006,8,10.6,1008.4,260,300,3,205,"land","normal","S","manual"
12.452,14,4.9,1014.4,270,299,3.6,209,"offshore","normal","N","AI"
14.52,6,20.7,969.3,295,346,3.3,112,"land","faulty","E","AI"
11.07,8,10.6,989,245,231,2.8,225,"land","faulty","N","manual"
12.14,16,6.1,1010.9,295,385,3.7,283,"land","faulty","N","manual"
11.92,10,9,1010.6,135,163,2.6,69,"offshore","normal","S","AI"
12.737,10,3.9,1005.6,270,254,3.3,232,"offshore","faulty","W","AI"
7.179,0,10.5,992.8,120,174,3,146,"offshore","faulty","N","manual"
11.81,7,15.3,991.9,150,194,2.6,341,"land","normal","W","AI"
7.932,16,4.9,1002.4,120,143,2.4,140,"offshore","faulty","W","manual"
12.362,7,13.2,984,265,310,3.3,13,"land","normal","S","manual"
12.524,5,4.8,998.8,280,285,3.4,257,"land","faulty","E","manual"
11.731,7,13,1002.4,150,200,2.7,229,"offshore","normal","W","AI"
8.628,5,19,998.6,145,166,2.8,202,"offshore","faulty","W","manual"
17.105,20,5.3,994.4,260,283,2.8,47,"land","normal","S","AI"
7.896,1,12,994.9,180,210,3.4,32,"offshore","faulty","S","manual"
11.925,5,13.9,994.8,200,272,3.4,132,"land","normal","W","manual"
8.831,6,7.3,1009.4,160,165,3.2,176,"offshore","faulty","W","manual"
14.969,8,13,986.9,275,270,2.7,76,"land","normal","S","manual"
15.275,8,8.9,984.9,255,267,3,209,"land","normal","W","AI"
9.117,2,11.3,1014.4,130,146,2.8,86,"offshore","faulty","W","AI"
11.867,2,18.5,974.9,175,195,3.2,82,"land","normal","E","AI"
15.506,17,0.6,991.1,290,312,2.6,156,"land","faulty","W","manual"
12.061,8,-0.3,992.8,225,281,3,131,"land","normal","S","manual"
12.59,7,17.5,987.2,295,298,3.2,179,"offshore","faulty","S","AI"
14.071,11,10.3,999.4,290,326,3,50,"offshore","normal","S","AI"
14.114,4,18.1,1004.3,265,283,3.1,265,"offshore","normal","S","AI"
10.009,2,22.1,976.2,155,162,2.3,108,"offshore","normal","S","AI"
10.564,4,16.3,979.8,225,226,2.6,260,"offshore","faulty","S","AI"
12.404,11,16.4,1002,250,269,3.6,190,"land","normal","S","manual"
15.03,18,4.2,1000.7,285,288,2.9,64,"land","faulty","S","AI"
12.301,10,15.2,1002.4,285,271,3.5,77,"land","normal","S","manual"
9.866,11,11,989.7,180,189,2.8,113,"offshore","normal","W","AI"
11.056,6,3.7,1011.1,285,360,4.2,182,"offshore","faulty","W","AI"
12.693,10,20,998.7,120,166,2.1,277,"offshore","faulty","S","manual"
12.716,6,14.1,987.8,235,295,2.7,359,"land","normal","S","manual"
12.501,11,4.5,1013.8,180,218,3.3,239,"offshore","normal","W","AI"
13.758,4,18.7,990.1,275,359,3.2,97,"land","normal","S","manual"
11.234,7,16.9,993.9,170,191,2.4,310,"offshore","normal","N","AI"
9.476,2,20,1002,245,238,3.2,250,"offshore","faulty","S","manual"
10.737,8,8.6,1007.5,150,198,3,311,"offshore","faulty","W","AI"
12.357,5,24.8,985.5,210,256,3,150,"offshore","normal","E","AI"
5.832,8,1.4,1027.9,120,171,2.9,167,"offshore","faulty","N","manual"
16.159,14,1.5,1000.2,290,290,3,99,"land","normal","E","AI"
9.628,7,3.2,1002.6,145,149,2.3,298,"offshore","faulty","E","manual"
9.736,7,10.7,981.8,130,156,2,75,"land","faulty","W","manual"
13.914,3,20.1,989,180,184,3.1,71,"land","normal","W","AI"
10.173,7,17.1,986.9,195,205,2.8,170,"offshore","normal","W","AI"
11.824,1,18.6,981,255,243,2.7,27,"offshore","normal","S","AI"
12.675,6,11.6,992.2,270,269,2.7,199,"offshore","faulty","S","manual"
13.938,19,1.6,988.2,230,235,2,191,"land","faulty","E","AI"
10.78,8,12.6,1015.8,235,248,3.5,155,"offshore","faulty","S","manual"
13.608,6,6.8,999.7,235,319,3.2,296,"land","normal","W","manual"
7.549,1,17.1,978.7,120,166,2.6,232,"offshore","normal","S","manual"
12.405,15,3,1008.2,190,228,3,22,"land","normal","S","manual"
9.205,6,20,998.5,170,166,2.9,36,"offshore","faulty","W","manual"
11.132,1,22.6,968.3,295,295,3.1,166,"offshore","faulty","S","AI"
11.07,16,5.5,1004.7,185,242,2.1,59,"offshore","faulty","N","AI"
12.764,21,1.1,999.7,245,298,2.7,211,"land","faulty","N","manual"
14.467,5,12,997.6,175,249,2.9,72,"land","normal","S","manual"
12.141,6,17.6,989.8,240,250,2.8,324,"land","faulty","W","manual"
11.601,10,0.3,1015.8,170,231,3.3,95,"offshore","normal","W","AI"
7.598,8,11.8,995,140,184,2.3,351,"offshore","faulty","W","manual"
13.21,2,15.5,975.8,290,334,3.2,69,"land","faulty","E","manual"
10.102,7,10.5,1003.6,205,273,3.5,242,"offshore","faulty","W","manual"
10.576,8,15.1,1000.6,165,163,2.6,90,"offshore","faulty","W","manual"
12.636,15,9.2,1018,155,168,2.3,269,"offshore","faulty","W","manual"
12.389,5,15.6,989.1,280,352,3.7,152,"offshore","normal","E","AI"
13.701,18,8.1,1012.1,230,275,3.2,64,"land","normal","N","AI"
13.435,12,2.9,1004.2,265,319,2.8,183,"land","faulty","N","manual"
5.569,0,22.6,997.5,235,233,4.4,204,"offshore","faulty","W","manual"
12.218,12,23.4,995.5,160,162,2.4,76,"offshore","normal","S","manual"
10.548,4,12.8,992.1,135,156,2.6,194,"offshore","normal","W","manual"
11.695,8,8.1,1009.2,150,160,3.1,257,"land","normal","S","manual"
9.738,2,10.6,987.3,130,150,2.2,321,"offshore","normal","S","manual"
12.44,5,4.1,1000.2,200,256,3.6,110,"land","normal","W","manual"
12.075,14,7.2,1019.4,130,154,2.2,13,"offshore","faulty","W","AI"
14.633,8,12.5,984.9,245,333,3.4,311,"land","normal","S","AI"
11.894,12,12.4,1004.6,175,233,2.9,329,"offshore","faulty","W","AI"
11.169,8,2.1,1005.1,190,197,2.7,202,"land","faulty","N","manual"
14.674,9,5.4,1008.8,255,263,3.6,343,"land","normal","N","AI"
13.03,6,15.8,996.8,220,264,3.4,164,"land","normal","E","manual"
4.409,5,7.7,990.8,130,155,3.1,176,"offshore","faulty","S","manual"
11.237,10,9.7,1007.3,125,141,2.3,34,"offshore","normal","W","manual"
16.75,20,16.4,994,250,243,2.4,345,"land","normal","W","AI"
11.895,6,13.2,983.8,240,258,2.8,177,"offshore","normal","E","AI"
13.986,12,-0.3,1011.1,260,260,2.7,137,"offshore","faulty","S","AI"
11.746,8,9,997.2,275,323,3.8,317,"offshore","faulty","E","manual"
11.989,7,1.3,983.7,155,186,2.5,252,"land","normal","S","manual"
15.207,19,-0.4,1008.8,275,369,3.3,170,"land","faulty","S","manual"
11.792,6,9.5,1002.2,285,338,3.7,180,"land","faulty","S","manual"
15.101,12,5.4,1016.8,230,237,2.9,66,"land","normal","W","AI"
14.704,18,1.5,1008.3,265,320,2.6,334,"land","normal","N","manual"
10.037,9,16.4,1001,235,228,3.2,37,"offshore","faulty","S","manual"
7.995,7,7.2,990.5,130,179,2.3,0,"land","faulty","N","manual"
7.901,6,2.8,1011.7,150,151,3,137,"offshore","faulty","S","manual"
15.146,13,17.8,992.8,205,286,2,174,"land","normal","W","manual"
10.985,5,15,993.9,240,259,3,6,"land","normal","S","manual"
15.495,14,6.3,1016.4,280,319,3.2,52,"land","normal","N","AI"
8.051,1,19.6,982.1,240,275,2.9,7,"offshore","faulty","E","manual"
13.266,9,20.8,995,180,197,2.6,107,"offshore","normal","W","AI"
9.551,8,10.4,995.7,135,144,2.7,216,"offshore","normal","S","manual"
10.958,4,8.5,1003.8,165,205,3.6,34,"offshore","normal","E","manual"
16.076,14,0,1005.4,170,225,2.1,131,"offshore","normal","W","AI"
14.425,20,1,1023.5,300,384,4.1,216,"land","faulty","N","manual"
13.083,12,2.7,1005.3,280,353,2.5,247,"offshore","faulty","W","manual"
10.32,8,5.8,1004.8,155,198,3.2,63,"land","faulty","W","manual"
15.142,13,13.3,981.7,295,353,2.7,29,"land","normal","W","AI"
14.737,20,10.6,991.8,270,329,3,63,"offshore","normal","S","AI"
14.673,19,7.3,1015.5,265,301,3.3,169,"offshore","normal","W","AI"
13,14,6.5,995.7,300,318,3.6,235,"land","faulty","W","AI"
12.019,11,16.9,994.7,135,141,2.3,310,"land","normal","W","manual"
14.233,14,6.2,1011,240,281,2.9,294,"land","normal","N","manual"
10.004,1,17.8,977.1,210,224,2.6,25,"offshore","faulty","W","AI"
14.837,7,11.8,1015.4,280,358,4,24,"land","normal","N","AI"
12.438,13,14.4,989.5,260,286,2.5,21,"offshore","normal","W","manual"
11.062,8,21.3,984.2,295,324,3.3,108,"offshore","faulty","S","AI"
14.836,10,14.4,993,295,322,3.2,90,"offshore","faulty","S","AI"
10.503,14,14.4,1004.8,135,142,3,215,"offshore","normal","W","manual"
11.954,7,5.4,1004.9,260,298,3.3,55,"land","faulty","S","manual"
14.341,11,1.7,1010.9,250,312,2.8,157,"land","normal","W","AI"
10.217,5,6.6,999.9,205,237,3.4,5,"offshore","faulty","S","manual"
11.358,6,0.7,1003.5,205,220,4.3,229,"land","normal","E","AI"
14.644,8,11.8,1011.3,285,344,3.3,150,"offshore","normal","W","AI"
8.869,3,20.7,992.6,200,197,3.3,45,"offshore","faulty","S","manual"
12.824,9,13.6,996.9,290,343,2.8,144,"land","faulty","W","manual"
11.95,15,-1.1,1016,205,216,4,175,"land","normal","W","AI"
13.951,13,6.8,988.7,155,208,2.4,16,"land","normal","W","manual"
9.796,3,13.6,981.8,225,224,3.5,325,"land","normal","S","manual"
9.184,2,21.2,994.8,165,176,2.9,2,"offshore","faulty","E","manual"
11.556,12,5.6,1008,240,230,3.4,254,"land","faulty","W","manual"
7.785,6,9.2,1002.9,180,239,3.1,268,"offshore","faulty","W","AI"
13.729,5,17,999.6,160,220,3.2,26,"land","normal","E","manual"
11.91,6,15,1000.9,225,217,3.4,151,"offshore","faulty","S","AI"
12.882,10,16.4,1007.5,130,187,2.3,153,"land","normal","N","manual"
12.482,15,2.7,1015,125,182,3.1,226,"land","normal","W","manual"
8.834,9,20.9,996.7,155,169,2.9,257,"offshore","normal","W","manual"
12.319,10,10.8,1003.6,270,304,3.4,254,"land","faulty","S","manual"
